CustomerID,Name,Email,RegistrationDate,Location
1,Jeffrey Brown,stewartbrittany@yahoo.com,2021-07-10,Christopherside
2,Jane Lopez,jhowe@sanders.com,2019-09-28,North Nathaniel
3,Stephen Lane,robinsonsarah@gmail.com,2019-09-27,Port Isaacborough
4,Amy Roberts,stacy72@gmail.com,2023-07-18,Brendatown
5,Heidi Kemp,ericadavis@gmail.com,2022-12-14,East Daniel
6,Christopher Gonzalez,bradyjohnny@hotmail.com,2023-11-26,Williamsberg
7,Brenda Pearson,rollinsronnie@hotmail.com,2021-11-14,Port Joseph
8,Colleen White DVM,zwang@hotmail.com,2021-10-19,South Keithmouth
9,Olivia Peters,victoria59@sherman.info,2021-04-13,North Kenneth
10,Mark Santiago,iodom@johnson-snow.org,2023-07-25,Port Lisaville
11,Willie Rowe,kenneth60@whitney.com,2022-02-07,South Robert
12,Gregory Henderson,emmaboyle@martinez.info,2021-01-31,North Kevin
13,Bryan Vargas,joy56@gmail.com,2023-04-24,Port Bruce
14,Jessica Fitzgerald,eric08@yahoo.com,2021-05-07,Hendricksfurt
15,Heather Kelley,yvettebriggs@jones-york.com,2021-05-05,West Veronica
16,Keith Hoover,sean86@yahoo.com,2021-03-05,Lindafort
17,Jennifer Aguilar,ronaldosborne@gmail.com,2023-10-19,Timothymouth
18,William Daniels,jasmine24@yahoo.com,2022-01-22,Robersonville
19,Chris Harmon,baxterjasmine@yahoo.com,2019-12-11,New Royfort
20,Bruce Hansen,tjones@reed.com,2023-04-02,Pierceside
21,Anne Gonzales,doylekevin@yahoo.com,2021-07-11,West Carlos
22,Shelley Curry,tracifoster@yahoo.com,2022-07-20,Smithbury
23,Kevin Vargas,gibsonjimmy@church.com,2022-10-16,Rebeccaburgh
24,Beth Reynolds,lisa68@park.com,2022-05-24,Griffinmouth
25,Austin Chapman,wheelerheather@jacobs.com,2022-04-25,Kevinstad
26,Keith Collins,srivas@yahoo.com,2019-10-02,Lake Kendra
27,Michael Smith,michael39@hotmail.com,2020-07-03,West Taylorton
28,Earl Mahoney,thomasstacie@gmail.com,2021-10-30,Lunaside
29,Philip Lopez,cristianrobinson@hotmail.com,2019-05-07,West Jeffrey
30,Regina Macdonald,davenportnancy@lewis.biz,2023-07-26,East Michael
31,Grant Jones DDS,kbrown@hotmail.com,2022-11-09,South Kristen
32,Steven Hancock,bwagner@hotmail.com,2020-09-04,Matthewport
33,Henry White,pcrawford@taylor-jackson.com,2022-03-31,Curtisville
34,Jillian Jackson,caitlin82@gmail.com,2021-05-24,Richardstad
35,Christopher Bryant,timothymartinez@king-diaz.com,2021-12-18,Lisafort
36,Charles Johnston,williamschristopher@yahoo.com,2022-08-18,East Michael
37,Emily Trevino,ross67@johnson.com,2019-03-18,Danamouth
38,Susan Scott,wheelerrodney@yahoo.com,2022-12-08,Taylormouth
39,Chad Liu,dana09@hotmail.com,2022-10-21,East John
40,Stephen Johnson,melanie64@foster.com,2019-05-19,Leachview
41,Wesley Powers,butlermary@cohen-sanders.com,2023-07-02,South Evelynhaven
42,Andrew Vega,wmaxwell@hotmail.com,2021-12-04,Browningshire
43,Joseph Donaldson,carla24@hotmail.com,2023-01-02,Cruzshire
44,Gabriel Nunez,seth25@yahoo.com,2022-05-21,South Jenniferhaven
45,Michele Torres,elizabethhoward@yahoo.com,2022-08-14,Christinamouth
46,Elizabeth Rodriguez,stacey09@hotmail.com,2019-01-14,New Alexanderview
47,Lisa Duran,robinsonbarbara@allen-nelson.com,2020-02-27,Mccallville
48,Joshua Cook,ocruz@burns.info,2019-04-28,West Robertborough
49,Susan Robertson,gentryrichard@hughes.info,2020-07-05,Bradleyport
50,Brittany Russell,nelsonanna@young.com,2022-11-07,East Andrea
51,Patricia Logan,andreamercado@cantrell.org,2022-05-24,North Jessica
52,Debra Gordon MD,mcdanielteresa@hotmail.com,2019-02-15,New Heather
53,Alan Fischer,rowedana@ramos-davis.com,2021-10-21,New Brianna
54,Randy Rice,sandra20@patel.com,2019-10-24,West Kristaberg
55,Jordan Cox,patrickmoore@wilson.com,2019-05-19,Lake Erinborough
56,Juan Willis,karenking@yahoo.com,2023-09-02,Lake Seth
57,Gwendolyn Nguyen,samuel59@adams.com,2019-01-13,Hallport
58,Tammy Lam,cynthiakennedy@campbell.com,2023-03-05,West Christianmouth
59,Danielle Rodriguez,charles93@henry.info,2022-01-04,Johntown
60,Mr. Nicholas Tucker,todddenise@yahoo.com,2023-06-09,West Danielletown
61,Mary Gaines,volson@gmail.com,2021-03-01,East Paulstad
62,Daniel Anderson,amandastewart@elliott.com,2020-06-16,Cruzshire
63,Bonnie Evans,vgarcia@hotmail.com,2023-11-01,Lake Jeremiahberg
64,Alexis Sullivan,parkerchristopher@hotmail.com,2019-06-08,North Paigestad
65,Adam Gordon,marybrewer@yahoo.com,2020-06-06,Williamsberg
66,Raymond Kane,randall31@yahoo.com,2019-03-21,Lake Ricky
67,Robert Fitzgerald,joseph11@hotmail.com,2023-12-09,Lake Renee
68,Kevin Ferguson,jennifermarks@gmail.com,2020-12-07,South Dwayneshire
69,James Hernandez,patrickwilliam@yahoo.com,2023-09-13,North Reginahaven
70,Jake Martin,laurenoliver@hotmail.com,2021-08-28,Matthewhaven
71,Mrs. Alyssa Davis,gibsonmadison@hotmail.com,2020-04-24,West David
72,Jeffrey Hoffman,christophervalencia@gmail.com,2021-09-21,West Jamieport
73,Donna Gibson,sgreen@gmail.com,2022-08-29,Port Marie
74,Joel Lewis,danavazquez@horn.com,2020-02-03,Port Theresaport
75,Mary Spencer,gregjuarez@yahoo.com,2019-08-08,East Sara
76,Jeffrey Frederick,kristin86@hotmail.com,2020-02-11,Thomaschester
77,April Garcia,ydean@chapman.biz,2022-09-13,North Lisafort
78,Glen Warner,brittanybarnes@hotmail.com,2022-03-08,Melissatown
79,Brandon George,charles64@yahoo.com,2023-09-28,Robertside
80,Jeremy Taylor,mbruce@martinez.com,2020-05-07,Maciashaven
81,Ashley Jarvis,hdavis@gmail.com,2022-12-25,East Nicholas
82,Claire Adams,joseph92@gmail.com,2020-05-21,Sherylland
83,Tina Delgado,williamsmith@johnson.com,2021-10-17,West Cassandra
84,Heather Hayes,jacob70@yahoo.com,2023-03-07,Andersonberg
85,Lauren Fields,oburns@carr-baker.com,2023-05-21,Jonesport
86,Lawrence Hill,hfranklin@wagner-gonzalez.org,2020-05-30,Scottville
87,Heather Collins,humphreyleon@hotmail.com,2023-03-17,North Roseport
88,Sherri Ramos,jamesstephens@richardson.com,2023-11-05,South Faith
89,David Hanna,april37@yahoo.com,2021-03-21,Robertchester
90,Michelle Rodgers,angelanorman@hotmail.com,2023-11-01,Taylorport
91,Erika Hunt,christinalarson@garcia-mendoza.biz,2021-09-19,Lake Rebeccaview
92,Jordan Reynolds,michelle87@gmail.com,2021-09-21,Port Andrewburgh
93,Timothy Wood,acarey@yahoo.com,2019-01-05,Faulknerton
94,Evan Smith,deborah97@murphy-cooper.com,2023-08-18,Richardsonshire
95,Monica Kim,nsalinas@pugh.com,2021-05-22,Robertsmouth
96,Christopher Turner,steven91@kent-espinoza.com,2023-09-24,South Makaylaside
97,Shirley Adams,smithchristopher@hotmail.com,2020-05-09,Albertberg
98,Laura Eaton,justin41@dillon.com,2022-11-27,New Sarah
99,Kelly Lowe,mevans@yahoo.com,2020-07-17,Melodybury
100,Matthew Johnson,kcollins@gmail.com,2021-05-01,West Julie
101,George Morales,desiree42@porter-allen.com,2022-07-05,East Richardview
102,Linda Fletcher,raymondkim@yahoo.com,2023-09-14,New Michael
103,Michelle Henson,danielmcdonald@delacruz.com,2019-12-16,Port Shane
104,Melissa Thompson,leejeremy@marquez.biz,2019-11-19,Carrollfort
105,Diana Jackson,luisowens@yahoo.com,2022-08-19,Bakermouth
106,Nancy Arias,jessica14@gardner.com,2021-09-20,Caitlinbury
107,Dawn Campbell,bgilbert@davis-fitzgerald.info,2020-11-17,Port Glenn
108,David Thompson,mitchellellison@gmail.com,2019-10-11,Lake Frankhaven
109,Jeffrey Best,jasmine96@cooper.com,2022-06-10,Lake Kathymouth
110,Jill Harris,amandacarpenter@gmail.com,2019-08-11,Deanmouth
111,Tonya Anderson,jacksonkevin@gmail.com,2021-10-21,Jerryburgh
112,Gloria Fox,ucalhoun@gmail.com,2022-10-15,North Shannonhaven
113,Robin Lindsey,christopher62@hill-walker.net,2020-06-15,Davidton
114,Johnny Castaneda,smithlaura@melton.com,2019-12-10,East Robynstad
115,Tammy Moore,hmitchell@keller-cole.com,2022-02-20,West Lauraberg
116,Rodney Ponce,smitchell@yahoo.com,2019-02-06,New David
117,John Nelson,yangantonio@gmail.com,2021-01-31,West Danielle
118,William Turner,laurie69@phillips-dickerson.net,2020-12-30,North Jacob
119,Cynthia Riley,rodney06@yahoo.com,2019-11-18,North Andrewborough
120,Melissa Powell,tracy50@riley-downs.com,2020-08-20,Rodriguezchester
121,Taylor Ward,nancymccarthy@hotmail.com,2023-07-31,Markville
122,Paul Anderson,tfrazier@gmail.com,2019-09-29,New Craig
123,Deanna Murphy,antoniodavis@yahoo.com,2020-05-15,South Jacob
124,Linda Giles,dominguezbrenda@sanchez.org,2021-10-07,Rubenfurt
125,Mrs. Lori Carson DVM,david36@yahoo.com,2021-12-16,West Robert
126,Sabrina Anderson,xwilson@yahoo.com,2021-01-24,Lake Michaelshire
127,Heidi Davis,lauragill@hotmail.com,2023-08-23,South Michael
128,Pamela Zimmerman,bradleyroger@miller.com,2023-10-25,Acostaborough
129,David Williams,tanya57@hotmail.com,2019-06-26,Vaughanport
130,Jenna Oconnor,william63@anderson.com,2022-08-20,Garyport
131,Melissa Conner,ihutchinson@yahoo.com,2022-09-06,Gonzalezfurt
132,David Ross,hlambert@yahoo.com,2020-07-03,Ronniehaven
133,Jennifer Sanchez,gregorywilliam@edwards.com,2020-06-11,Wintersport
134,Dr. Albert Barnes,qbuck@gmail.com,2019-05-10,Scottchester
135,Thomas Lopez,crystal34@christian-santos.com,2021-06-21,Sloanhaven
136,Angela Garcia,robertsonlaura@hotmail.com,2021-06-25,Paigestad
137,Julie Rollins,christine46@gmail.com,2019-12-08,Lake Bryanberg
138,Brittany Oconnell,whitneyscott@yahoo.com,2023-08-09,Williamsbury
139,Richard Collier DDS,mmoore@watts.com,2023-10-21,South Jeremy
140,Amanda Smith,caseleah@hotmail.com,2022-10-04,New Ronaldside
141,Jessica Bailey,christinagonzalez@bryant.info,2020-10-30,Carrollmouth
142,Tammy Smith,neallisa@yahoo.com,2021-05-20,East Pamela
143,Jessica Watkins,stephengraham@gibson.com,2020-11-12,Robertsmouth
144,Laura Taylor,weaverann@gmail.com,2022-10-13,Connermouth
145,Tamara Jones,ymartin@yahoo.com,2022-10-17,Johnville
146,Crystal Powers,patrick67@hotmail.com,2023-03-24,West Cliffordmouth
147,Tiffany Dunn,kelseyzimmerman@yahoo.com,2020-05-07,Traviston
148,Kelsey Hart,smosley@yahoo.com,2020-08-01,Port Amber
149,Madeline Craig,vmcdonald@larson.net,2020-01-11,New Joshua
150,Emily Abbott,moorealicia@gmail.com,2023-09-06,Port Jeffreychester
151,David Wilson,nicholasfry@yahoo.com,2022-06-06,Colemouth
152,Kyle Coleman,eric81@hotmail.com,2020-04-08,West Phillip
153,Kenneth Thornton,pmartinez@walker.com,2021-08-06,East Johnnyborough
154,Charles Smith,heather91@harvey.com,2023-05-30,East Tamara
155,Michael Gilbert,langveronica@johnson-smith.info,2019-04-28,Jeremyhaven
156,James Murray,paulthomas@yahoo.com,2023-04-04,Martinezhaven
157,Timothy Johnson,serranodeanna@ramirez.com,2019-10-05,North Kaitlin
158,Kathleen Patton,zweaver@yahoo.com,2021-04-05,New Victoria
159,Brian Daniels,sara77@gmail.com,2019-03-27,Suarezside
160,Gregory Nguyen,eric27@gmail.com,2019-05-05,Payneview
161,Regina Nelson,calderonkimberly@sims.com,2023-12-22,Munozside
162,Michael Huynh,blackfelicia@yahoo.com,2020-10-29,Hendersonbury
163,Jeremy Pham,joesmith@yahoo.com,2019-05-12,South Rachelmouth
164,Michelle Smith,ccarter@hamilton-choi.com,2023-07-12,Mccormickton
165,William Gray,danielhopkins@harper.org,2019-05-04,Fieldschester
166,Jacob Crawford,petersnyder@hotmail.com,2023-12-07,Wellsside
167,Samuel Jordan,jmurray@yahoo.com,2020-02-07,Meganfurt
168,Andrew White,xcoleman@gmail.com,2019-02-12,East Jenniferhaven
169,Valerie King,cainchristopher@thompson.org,2021-02-16,Hestertown
170,Jennifer Page,michael24@mueller.com,2020-11-09,Port Patriciashire
171,Kristina Mitchell,keithgray@yahoo.com,2020-09-11,North Austin
172,Timothy Hardy,kenneth75@hotmail.com,2022-01-21,Port Jacob
173,Charles Scott,luke89@hotmail.com,2022-03-11,South Zacharyhaven
174,Natasha Ritter,virginiamartin@gmail.com,2022-03-10,East Jason
175,Timothy Clay,egomez@gmail.com,2019-05-09,Elizabethtown
176,Denise Shelton,mark19@hotmail.com,2019-10-08,West Kayla
177,Selena Long,davidelliott@gmail.com,2022-01-17,New Linda
178,Anna Rodriguez,uorozco@hotmail.com,2021-08-01,Maloneview
179,Melissa Estrada,mendozakathleen@hotmail.com,2019-05-23,East Kimberly
180,Robert Davis,evansamy@miles-beltran.org,2022-07-09,New Daniel
181,Krystal Ellison,lrusso@bennett.com,2021-01-27,North Tiffanychester
182,Michael Jones,vanessa50@gmail.com,2020-08-11,Lake Patrick
183,Steven Davis,okramer@andrews.com,2023-09-27,Walkermouth
184,Wesley Jensen,richrobin@gmail.com,2022-04-17,Farrellville
185,Joyce Jimenez,fjohnson@hotmail.com,2021-03-21,North Laurashire
186,Steven Kelly,bartonkylie@hotmail.com,2020-12-16,Emmabury
187,Ann Ward,simpsonrita@gmail.com,2021-05-31,Jeffreyton
188,Bryan Travis,agonzales@hotmail.com,2023-10-31,Scottburgh
189,Cindy Austin,lmeadows@munoz-graham.com,2021-07-21,South Jodiville
190,Robert Miller,randyrollins@soto-mckinney.com,2019-12-24,West Patrickstad
191,Michael Carroll,hayeskevin@hotmail.com,2022-09-28,Hortonstad
192,Samantha Hurley,katelyn03@hotmail.com,2021-05-22,North Manuel
193,Jamie Molina,mariesmith@frost.org,2022-07-25,North Robert
194,Ashley Miller,igregory@gmail.com,2023-06-10,West Arthurton
195,Destiny Lucas,leebrian@hotmail.com,2020-07-22,Port Paulfort
196,Peter Hardy,stephenreed@jones.info,2023-04-03,Baldwinside
197,Brandy Ellison,amandasanchez@ross.com,2020-05-22,North Sandramouth
198,Melinda Robinson,cthompson@wood.com,2022-09-26,Meganstad
199,Jennifer Coleman,michaelsmith@yahoo.com,2023-10-16,West Johnmouth
200,Amber Griffin MD,christine04@barrera-thompson.com,2022-02-08,Murphyport
201,Sally Long,jeanette10@hotmail.com,2023-05-04,Snowfort
202,Holly Herman,chad08@hotmail.com,2023-09-30,Joyton
203,Alec Davis,omarfinley@valencia-burton.com,2022-01-15,Teresaland
204,William Blanchard,smithmichelle@yahoo.com,2023-07-25,North Crystal
205,Sara Daniel,kathleen67@gill-ruiz.com,2020-10-17,Brookeport
206,Ms. Emily Pitts,marshalllaurie@williams.com,2020-01-25,Maloneton
207,Jean Gallagher,whall@thornton.net,2022-10-07,Lake Michael
208,Karen Mayer,hbryan@schroeder.org,2019-06-24,Port Andreachester
209,Janet Young DVM,lbrown@mcknight.com,2022-07-21,Port Anthonytown
210,Katie Baker,vtapia@yahoo.com,2022-09-24,West Bradley
211,Sean Rivers,zgonzalez@hotmail.com,2022-01-02,West Jorge
212,Gregory Williams,monicamcpherson@gmail.com,2019-07-11,Lake Patricia
213,Ashlee Maldonado,ddouglas@gmail.com,2021-06-30,North Laurenbury
214,Crystal Phelps,emily49@ponce.com,2022-02-19,Lake Katherineland
215,Shane Berger,tracy58@strickland.com,2022-03-16,South Desireeside
216,Jesus Rich,bakernorman@armstrong.com,2021-09-01,New Jeffrey
217,Cory Duncan,raymondmendoza@taylor-smith.com,2020-12-27,Stacyville
218,Noah Cameron,rebeccacampbell@cooper.com,2019-11-29,Nunezfurt
219,Andrew Peterson,michael06@tate.info,2020-04-23,Castanedaberg
220,Thomas King,fryekim@crosby.com,2021-03-12,South Joanna
221,Rachel Gentry,brenda60@gmail.com,2023-08-22,New Blake
222,Janice Davis,fbruce@dawson.com,2021-06-18,Arthurmouth
223,Tanya Bartlett,nichole14@miller.biz,2019-05-23,Justinville
224,Michael Thomas,moorerobert@gmail.com,2022-12-30,Dennismouth
225,Elizabeth Kline,jonessamantha@carter.org,2020-09-29,Meyersmouth
226,Leah Munoz,acostadwayne@hotmail.com,2020-09-04,Port James
227,Joseph Holmes,yolanda04@schultz.com,2021-03-24,Spenceview
228,Patricia Smith,xgonzalez@lewis.com,2021-03-25,Matthewmouth
229,Miss Nicole Solomon PhD,hamptonandrew@goodman.biz,2021-10-11,Riveramouth
230,Nicole Howard,thomasporter@shea-jones.com,2023-03-29,Burtonberg
231,Michael Lopez,jermaine37@gmail.com,2019-04-28,East Christineton
232,Richard Fisher,johnchan@hotmail.com,2021-11-08,Stephaniemouth
233,Amy Mcintosh,collinspatricia@king.biz,2019-12-18,Davidmouth
234,Ethan Schroeder,mark39@hotmail.com,2022-04-12,Downsborough
235,Thomas Evans,fowlermatthew@friedman.com,2023-01-17,Ericstad
236,Jennifer Olson,hernandezbrooke@hopkins.com,2020-03-05,North Elizabethton
237,Brian Kelley,fowlermelissa@hotmail.com,2019-08-22,South Johnhaven
238,Karen Robinson,wwillis@watkins.org,2021-05-12,Abigailfort
239,Patricia Curtis,stephen49@taylor.com,2023-03-13,New Margaretport
240,Adam Stephenson,amartin@lopez-miller.com,2020-10-11,West Jordanton
241,Jordan Wise,ymiller@larson.com,2022-02-22,Andersonburgh
242,Dean Watson,riggserika@nicholson-figueroa.biz,2022-07-06,South Seanside
243,Katelyn Diaz,rjones@wilson-dennis.com,2021-02-17,Erikaside
244,Ryan Rosario,susanjohnston@yahoo.com,2022-07-17,South Melinda
245,Jennifer Atkins,leonardlang@schroeder.net,2021-05-17,Lisatown
246,Tamara Miller,bryanbryant@hotmail.com,2020-11-09,Brookemouth
247,William James,charris@guzman-jackson.net,2022-08-26,South Andrew
248,Caleb Murphy,oanderson@salinas-galvan.biz,2020-09-05,Leslieport
249,Hannah Guerra,moorechristopher@hotmail.com,2021-03-31,West Tracyside
250,Jeffrey Williamson,judy91@gmail.com,2020-07-12,Brownview
251,Eric Bennett,rebeccawilliams@hotmail.com,2020-06-26,Julieburgh
252,Lisa Gomez,deborahbarker@clark.biz,2021-05-25,South Laura
253,Michael Stevens,paulterry@liu.com,2022-06-18,West Albert
254,Bonnie Smith,daniel78@freeman.net,2023-03-09,Greenside
255,Aaron Wu,amy33@hotmail.com,2021-04-24,Willisfurt
256,Cynthia Scott,hglover@gmail.com,2023-04-22,Doughertyshire
257,Michael Gibson,shannonpark@gonzales-sanders.com,2023-06-17,Patrickside
258,Elizabeth Ford,robert48@nguyen.info,2019-04-02,Weststad
259,Spencer Thompson,michaelcase@vazquez-white.org,2020-06-07,West Sandra
260,Daniel Jenkins,stevenvasquez@gmail.com,2020-12-30,Lake Donna
261,Andrew Hughes,hscott@bradley.com,2020-02-02,Aliciafurt
262,James Garcia,jenniferdowns@payne.info,2022-07-07,New Alicia
263,Charles Hamilton,brandiflores@gmail.com,2019-08-14,West Jasmin
264,Dorothy Farrell,hodgedavid@hotmail.com,2023-04-03,Shawnton
265,Stephen Holmes,ygarcia@harris.com,2023-05-24,Davidfort
266,Austin Ochoa,foleypenny@smith.info,2020-06-10,Everettmouth
267,Brian Davis,aberry@yahoo.com,2020-08-21,East Taylor
268,Christopher Maxwell,jharris@hotmail.com,2019-05-12,Lake Joshua
269,Christopher Vaughn,clambert@yahoo.com,2023-10-15,Graystad
270,Angela Campbell,aday@gmail.com,2019-04-24,East Codymouth
271,Cory Williams,brady16@hotmail.com,2022-06-30,Port Robert
272,Ernest Gardner,rmorrison@martin.com,2022-11-01,South Kimberly
273,Richard Williams,bradfordwilliam@gmail.com,2020-07-09,Royfurt
274,David Brown,tracymitchell@weber.com,2022-12-23,West Richard
275,Adam Nguyen,thomasmartin@patterson-archer.com,2021-10-09,Bakerbury
276,Sara Montgomery,poolematthew@hotmail.com,2023-07-19,New Michellebury
277,Victor Murphy,burnsmatthew@hotmail.com,2020-11-19,South Virginiaborough
278,Heather Nicholson,robert60@hotmail.com,2022-09-26,Port Johnberg
279,Leah Walters,bakermaxwell@gmail.com,2020-09-11,Bradleyborough
280,John Davis,rachelbaker@gmail.com,2023-06-05,Port Michael
281,Tracy Brown MD,timothy18@hotmail.com,2021-03-27,New Kimberlyside
282,Kathleen Frazier,roger81@gmail.com,2022-04-07,South Elizabethburgh
283,Francisco Brown,fisherkelly@gmail.com,2021-12-27,Port Angelaborough
284,Felicia Torres,hallmary@rivera-jordan.com,2019-07-20,West Marybury
285,Richard Morales,cheryl83@wilson.com,2019-06-09,East Amanda
286,Kevin Blevins,juliegray@marks-johnson.com,2023-04-08,Andersonmouth
287,Robert Miller,fvega@gmail.com,2019-01-16,Lake Angelamouth
288,Katherine Mckay,bethanyramirez@blankenship-hill.com,2023-01-19,Ebonybury
289,Jacqueline Whitaker,michaelpeters@hotmail.com,2020-12-14,Heidimouth
290,Anthony Evans,felicia99@hotmail.com,2022-05-18,Port James
291,Teresa Collins,christopherwilson@hotmail.com,2021-06-19,Aprilville
292,Michele Gonzalez,robertdavis@roman.com,2023-01-06,Lake Timothyfurt
293,Anthony Rivas,tedwards@holmes-white.info,2022-09-08,Nelsonbury
294,Jerry Ali,calvindavis@gmail.com,2020-11-26,West Tonyhaven
295,Jennifer Davila,gmccoy@hotmail.com,2023-01-13,South Chadchester
296,Christina Rice,changdennis@bond.com,2023-10-14,West Dana
297,Kelsey Pham,matthewstewart@hotmail.com,2022-09-18,North Brian
298,Janice Vasquez,keithjeffrey@walker.info,2022-11-24,Riveramouth
299,William Castillo,stevennunez@hotmail.com,2023-02-22,East Melvin
300,Hayden Curtis,omurray@snyder-koch.com,2023-01-30,Robertton
301,Jennifer Patel,howellalexis@white.com,2022-12-18,East Ashleyport
302,Dr. Jennifer Rodriguez MD,faithday@gonzales.info,2021-11-29,North Timothyfort
303,Margaret Pruitt,nancy65@hotmail.com,2023-12-03,Janiceside
304,Joseph Stevenson II,copelandcynthia@hotmail.com,2019-08-20,South Amy
305,Heather Campbell,brooksscott@yahoo.com,2022-06-30,Lake Joyce
306,Catherine Thomas,ucrawford@yahoo.com,2022-04-19,Flynnberg
307,Catherine Ferguson,miguel34@yahoo.com,2021-11-05,Wrightborough
308,Sarah Garcia,ufields@johnson-flores.org,2023-06-14,South Bradleyton
309,Kimberly Jones,kperkins@gmail.com,2019-03-21,Smithstad
310,Mr. Jason Roberts,wanda50@cook.com,2022-08-10,Mathismouth
311,Anthony Simpson,rmccormick@fernandez-wright.com,2021-10-17,Kellyview
312,Robert Terry,amandabarrett@griffith-hines.com,2023-08-29,New Thomas
313,Jason Rivas,erin31@yahoo.com,2023-01-29,Davidside
314,Shannon Clark,tyler10@yahoo.com,2022-11-23,North Ann
315,Cassie Phillips,jason16@rodriguez.biz,2022-06-06,Destinytown
316,Kyle Kennedy,schneiderkaren@collins.biz,2021-09-15,Meyerville
317,Kristine Koch,tina80@rivas.com,2019-11-20,Smithview
318,Daniel Butler,kevincarrillo@richardson.com,2022-09-14,Markhaven
319,Scott Hanna,nelsonthomas@patton.org,2023-04-14,Lake Timothy
320,James House,taylorbrandy@yahoo.com,2023-03-15,East Latoyafurt
321,Christopher Richardson,zfoster@yahoo.com,2020-11-05,New Gary
322,Jeffrey Davis,rodriguezashley@kramer.com,2019-08-07,East Brittany
323,Pamela Lopez,raymondwatts@smith.com,2020-09-10,East Daniellefurt
324,Brenda Hodges,gbennett@gmail.com,2023-12-10,East Adam
325,Kenneth Casey,mariapatton@holland.org,2022-07-09,New Jonathanport
326,Eric Short,ferickson@miller.com,2020-08-13,Riverastad
327,Sharon Jones,pmitchell@hotmail.com,2020-06-05,Tapiafort
328,Adam Bryan,hestertheresa@hotmail.com,2020-01-25,New Margaret
329,Kaitlin Willis,jacquelinejones@hotmail.com,2023-02-05,Tateborough
330,Stephanie Gray,wdiaz@crawford.com,2019-06-06,Ellismouth
331,Joseph Cain,halljoel@montgomery-wright.com,2021-09-02,North Amy
332,Kayla Alexander,dodsoncaroline@ayala.com,2019-07-22,Scottville
333,Amanda Owen,heathdarin@hoffman-nguyen.info,2022-12-02,Seanberg
334,Jessica Norton,jacksonjacqueline@yahoo.com,2022-01-28,Bowersfort
335,Todd Trujillo,solistodd@watson.biz,2023-11-12,Hawkinsberg
336,Douglas Mcdonald,millsabigail@moore.com,2022-03-09,Josephfort
337,Ann Bowman,allenrodney@yahoo.com,2019-03-18,Penningtonstad
338,Paul Kelley,rfox@hotmail.com,2021-12-16,Helenhaven
339,Albert Serrano,jlarson@hotmail.com,2023-05-03,Lake Ricardo
340,Kevin Martin,xyork@morris.org,2020-09-29,New Robert
341,Kelly Morris,ashleyguerra@logan.com,2019-09-23,Danielstad
342,William Lee,carlsonmitchell@gmail.com,2020-12-18,Port Claudia
343,Tammy James,vanessa65@johnson.org,2022-08-21,North Evanport
344,Frederick Landry,hwilson@donovan.biz,2022-01-18,Lake Loriview
345,Scott Greer,dominicsanchez@anderson.net,2021-10-02,Port Curtis
346,Victoria Edwards,tyler05@yahoo.com,2020-01-29,West Joshua
347,Lisa Williams,thomaswatson@cline-baker.com,2021-05-04,Cummingsland
348,Ashlee Lane,kellynatasha@yahoo.com,2020-03-20,Reedton
349,Emily Palmer,christophersmith@hotmail.com,2019-12-01,Port Edward
350,Brianna Hall,tnavarro@hurst.info,2021-01-10,North Keithborough
351,Jacob Kerr,smithdouglas@french-ray.com,2019-03-07,Scottland
352,Brianna Walker,kimberlyrobertson@caldwell.com,2020-11-26,Cindystad
353,David Macdonald,fowlerjared@yahoo.com,2023-04-06,Port Jenniferport
354,Nathaniel Alvarez Jr.,richardmendez@vazquez-romero.com,2021-05-17,Kimmouth
355,James Wood,tsims@gmail.com,2021-03-18,Port Richard
356,Sharon Gomez,orrpaul@hughes.com,2020-05-10,Pattersonshire
357,Joseph Moreno,bmiles@potts.net,2023-10-07,Phillipstown
358,Alexander Williams,sdelgado@young.com,2020-11-10,Lake James
359,Dustin Price,danielwalsh@gmail.com,2021-11-02,Myerstown
360,Jennifer Stanley,williecooke@calhoun.com,2023-04-07,Robinside
361,Scott Lopez,ewilliams@yahoo.com,2022-12-17,Davidport
362,Michael Cox,sherry25@meyers.com,2022-05-12,Madelineville
363,Donna Duffy,francisgriffin@gmail.com,2020-07-29,Leonville
364,Keith Robertson,annamorales@hotmail.com,2019-12-31,Hawkinsview
365,Sherry Roberts,ochen@harrell-lam.info,2022-08-20,Michaelfort
366,Cody Perez,christopherelliott@yahoo.com,2019-12-06,Harrisshire
367,Andrea Johnson,scotthoward@wheeler-roy.com,2020-11-08,Port Crystalborough
368,Elizabeth Collins,isaac00@mitchell.com,2022-06-06,Hernandezburgh
369,Jamie Henderson,markgonzalez@weiss.info,2023-12-06,Troyfort
370,Patricia Romero,taylorellis@young.org,2023-06-16,West Robertburgh
371,Alexandra Smith,patrickjackson@grimes.com,2021-10-20,Jamesside
372,Cynthia Mcbride,samueltaylor@yahoo.com,2019-09-16,Douglastown
373,Teresa Castillo,briannabates@guerrero-medina.org,2019-06-28,South Wendyland
374,Brittany Brandt,inicholson@yahoo.com,2019-07-26,Calvinside
375,Calvin Sandoval,brian80@kim.org,2022-07-26,North Thomasfurt
376,Kathryn Johnson,allennathan@gmail.com,2023-03-14,Samuelberg
377,Julie Dyer,matarenee@martinez.com,2019-03-06,Bellville
378,Robin Mcgrath,angela25@williams.com,2023-10-26,Bernardhaven
379,Micheal Mckee,stanley37@thompson.com,2021-06-04,Robertsmouth
380,Jeffery Fields,taylormccann@arnold.org,2020-07-16,Lake James
381,Mariah Gomez,bkramer@yahoo.com,2023-11-25,Susanburgh
382,Matthew Evans,tblevins@alvarez.com,2020-01-02,North Elizabethside
383,Maria Bush,fjoseph@shaw.com,2019-10-11,Kathyview
384,Brittany Knight,rodriguezbrent@hotmail.com,2020-02-19,Brooketown
385,Emily Reed,tony64@hotmail.com,2023-07-25,Landryburgh
386,Caitlin Rodriguez DVM,zbryant@gmail.com,2022-01-20,Nashland
387,Anthony Carey,rebecca76@gmail.com,2021-03-29,Port Jeffreyview
388,Benjamin Newman,larry30@phillips.com,2021-03-11,Laneland
389,Kelsey Lowery,rcrawford@sims.com,2023-05-21,Sullivanburgh
390,George Cortez,bishopmartin@smith-sanders.biz,2019-10-13,East Katrina
391,Marvin Washington,jenniferwilson@hotmail.com,2021-01-06,Port Alexanderborough
392,Angela Peterson,jessicajones@taylor.info,2020-12-02,Gibbsbury
393,Joseph Black,melinda81@gmail.com,2021-03-24,Stephanieport
394,John Jones,coreypeters@hotmail.com,2019-02-25,Matthewstad
395,Patricia Jordan,josephking@cowan-farmer.com,2021-12-13,Michaelchester
396,Laura Murray,bullockjohn@sutton.com,2021-06-11,Riverabury
397,Ryan Horton,vdouglas@atkins.com,2023-01-29,Kimtown
398,Phillip Knapp,jacksonbrandon@everett.com,2021-01-31,Port Michael
399,Mark Herring,sara60@gmail.com,2022-10-08,Robertsstad
400,Kayla Mccarthy MD,dmiller@kelly-rice.biz,2019-09-16,West Billyland
401,Brittany Nolan,michelle19@hotmail.com,2020-09-30,South Richardfort
402,Mary Martinez,nancydavis@gmail.com,2019-03-24,North Garytown
403,Guy Thomas,alexishunter@lucas.com,2019-08-28,Loribury
404,Jennifer Barron,cynthia69@gmail.com,2020-06-10,Lake Michaelbury
405,Thomas Mckenzie,johnramirez@wang.com,2019-12-25,Sweeneyview
406,James Charles,smithdiane@griffith.com,2019-01-25,Woodmouth
407,Patricia Hernandez,larryespinoza@gmail.com,2021-11-20,Cooperberg
408,Dr. Melissa Yang MD,moodynicole@mendoza.com,2019-08-04,Port Bailey
409,John Stanley,sotojason@gmail.com,2019-05-22,Angelafort
410,Richard Gibson,jenny55@yahoo.com,2021-07-29,Stephanietown
411,Vanessa Patel,angelicawilson@hotmail.com,2020-03-06,Lopezborough
412,Lisa Davis,xperez@yahoo.com,2019-11-26,New Dominiqueton
413,Mark Neal,heatherknapp@barrett.info,2019-03-10,Gainesfort
414,George Mccarthy,fwatkins@chapman-johnson.com,2022-04-11,Lake Tracey
415,Jason Hernandez MD,jon05@hotmail.com,2020-04-13,Port Brianborough
416,Glenn Green,flynnjohn@hotmail.com,2021-03-13,Benjaminstad
417,Janet Hartman,benjamin38@scott-collins.com,2023-02-14,East Kristen
418,Alexandra Bush,hcampbell@yahoo.com,2020-04-27,East Robert
419,Brandon Irwin,lewistracy@mcdowell.com,2022-08-12,Fergusonville
420,Heather Friedman,jamie19@campbell-booth.com,2019-01-03,Herreraview
421,Ms. Carol Bailey,qbryant@gross-stevens.com,2021-09-16,East Brandi
422,Sarah Pittman,mcdonaldsarah@yahoo.com,2022-01-01,Lake Shannonport
423,Nicole Fisher,smithmichelle@watson.net,2022-06-13,North Charles
424,Ryan Williams,csimpson@yahoo.com,2023-08-16,North Robinstad
425,Anthony Lewis,kimberly28@greer.com,2022-01-05,Barbaramouth
426,Bianca Williams,briangreen@moreno.com,2022-05-05,Lynnfurt
427,Rhonda Taylor,mgordon@hotmail.com,2023-06-24,Port Joelport
428,Catherine Nelson,sdonaldson@ellis.com,2023-10-03,Lake Sean
429,Elizabeth Chan,erinchavez@walker.net,2023-05-29,Holmesburgh
430,Dr. Michael Anderson,burnsmeredith@yahoo.com,2023-10-07,West Angelamouth
431,Christina Keith,phillipsjustin@bonilla-oneill.com,2023-09-21,South Markberg
432,Ryan Bush,angelaschultz@alexander.com,2020-02-26,Rogershire
433,Matthew Levine,hodgespaula@parker-nguyen.com,2020-12-06,Tinaborough
434,Samantha Hall,johngibson@gmail.com,2019-06-27,Youngville
435,Brandon Smith,tyronemcpherson@hotmail.com,2020-11-23,Lake Nicoleburgh
436,Andre Miller,debbiedavis@mcdowell.com,2021-11-28,Rossbury
437,Cheryl Price,gadams@galvan.info,2023-08-13,Wilkinsfort
438,Madison King,kwells@hotmail.com,2021-09-23,East Reginald
439,Brenda Hart,whitemichael@young-simpson.net,2023-06-01,West Rebecca
440,James Barajas DVM,dianaweiss@yahoo.com,2021-11-20,New Thomasburgh
441,Cindy Wyatt,allenmelanie@giles.biz,2019-03-12,Riosfort
442,Angela Mcdaniel,patricia00@hotmail.com,2023-01-03,New Renee
443,Kimberly Ross,kimdavid@moore.com,2021-06-07,South Melissa
444,Ryan Rodriguez,juliagordon@yahoo.com,2021-09-13,South Monica
445,Sarah Scott,edgarwalter@shaw.com,2021-10-06,South Elizabeth
446,Tina Powell,nmeyer@hotmail.com,2022-06-24,Lake Nicholashaven
447,Renee Bailey,williamsangela@carney.com,2021-11-02,Michaelfort
448,Tyler Thompson,boonemichael@young.com,2023-07-22,Karentown
449,Cameron Decker,andrewdavis@anthony.com,2019-11-08,New Timothy
450,Margaret Salinas,ulucas@reese-ryan.biz,2020-04-22,Michaelmouth
451,Paul Harding,nicole04@yahoo.com,2020-06-17,West Christopherview
452,Juan Tucker,jacksonandrew@evans.info,2021-07-29,South Claytontown
453,Jason Ramos,alison92@matthews.com,2022-07-30,New Joshuaburgh
454,Samantha Ruiz,michelle82@ryan-baker.com,2023-02-15,Claytonshire
455,Dawn Walter,andrewsanchez@johnson-clark.net,2019-01-07,North Isaacville
456,Kelly Diaz,nmoore@yahoo.com,2022-10-13,Bakerchester
457,Kyle Herrera,mschroeder@hotmail.com,2023-12-21,New Juliamouth
458,Stephen Velasquez,cindynguyen@yahoo.com,2019-10-20,Joyceport
459,Sonia Johnson,ivan08@robinson.biz,2019-11-16,Lake Steven
460,Richard Garcia,bennettsharon@montes.org,2019-01-23,Travisberg
461,Matthew Woods,rasmussenwendy@hotmail.com,2021-08-22,Hansenbury
462,Melanie Garcia,sarahharrison@munoz-king.com,2022-07-13,Gloverfort
463,Michelle Gutierrez,ashleymartinez@santana.com,2022-01-25,New Anneside
464,William Bolton,longlisa@stevenson.com,2021-12-27,New George
465,Joel Dunn,mccoyjulie@yahoo.com,2023-07-27,Stephanieside
466,Richard Winters,kathleen40@george-johnson.com,2019-11-07,Lake Amber
467,Mark Rodriguez,ocarrillo@yahoo.com,2018-12-30,Howellberg
468,Miguel Vazquez,kramerelizabeth@hotmail.com,2021-04-15,Cohenville
469,Brian King,scottcowan@yahoo.com,2023-05-12,East Morgan
470,Walter West,michael52@yahoo.com,2021-04-05,Martinezberg
471,Joseph Hardin,gpetty@ball.com,2021-10-31,Taylorville
472,Michael Barnes,hcarter@holloway-miller.biz,2019-12-06,Pageton
473,James Stewart,melissa77@sullivan.info,2020-08-12,Harringtonburgh
474,Janice Henderson,joshua24@gmail.com,2020-02-06,North Mckenzie
475,Jesse Jordan,lori10@yahoo.com,2019-05-06,Kellyshire
476,Anthony Simon,harrisdenise@black.net,2020-11-04,Jacksonport
477,Becky Burgess,gwilliams@hotmail.com,2022-04-21,Port Maria
478,Renee Page,stanleyjohn@curtis.info,2020-09-20,Underwoodmouth
479,Craig Brown,tross@hotmail.com,2022-08-11,Port Melissa
480,Rebecca Martinez,lsimmons@terry.org,2022-11-09,Walkerview
481,Michael Larson,christophersmith@gmail.com,2023-12-05,East Dariusborough
482,Aimee Patterson,rhondagonzalez@moore-smith.com,2019-07-09,South Dawn
483,Kelsey Anthony,jmclean@green.com,2020-06-20,South Aliciatown
484,Grant Baker,frazierkathryn@perez.org,2022-03-27,Ryanburgh
485,Hannah Spencer,kevin61@howell.info,2022-08-03,Simmonsport
486,Marcus French,gary87@cannon-rogers.org,2020-12-19,Crawfordhaven
487,Amanda Mclaughlin,dcampbell@walton.com,2021-09-29,Port Eugene
488,Patricia Martinez,ismith@gmail.com,2019-08-19,North Matthew
489,Steven Stone,garcialuis@hotmail.com,2020-02-29,Buchananland
490,Susan Porter,jandrews@hotmail.com,2019-06-25,Mollybury
491,Sabrina Smith,donnamiller@hotmail.com,2019-06-25,Hernandezfurt
492,Olivia Clay,jasonnguyen@ruiz-dunn.com,2022-02-25,New Thomas
493,Joshua Brewer,wangbrian@hotmail.com,2019-12-09,Jamesland
494,Carrie Smith,justincarr@harris-ramsey.net,2022-02-12,Gailton
495,Patricia Tyler,qsantiago@wright.info,2019-08-15,Lake Madeline
496,Casey Washington,michellejones@yahoo.com,2022-05-31,Kelleyside
497,Nicole White,qcain@yahoo.com,2022-07-22,North Brandon
498,Pamela Smith,ojohnson@gmail.com,2023-03-10,Williamston
499,David Schneider,elliottrebekah@smith.info,2022-05-21,Hoovermouth
500,James Coleman,cainmichele@baker.net,2023-04-25,New Tracy
